{
  "tag": "unified_stpp_hawkesnest_hard_v2",
  "generated_at": "2026-04-10T17:55:59.199474",
  "horizon": 50.0,
  "split_sizes": {
    "train": 40,
    "val": 10,
    "test": 10
  },
  "families": {
    "pulse": [
      "P0",
      "P1",
      "P2",
      "P3",
      "P4",
      "P5"
    ],
    "echo": [
      "E0",
      "E1",
      "E2",
      "E3",
      "E4",
      "E5"
    ],
    "regime": [
      "R0",
      "R1",
      "R2",
      "R3",
      "R4",
      "R5"
    ],
    "topology": [
      "T0",
      "T1",
      "T2",
      "T3",
      "T4",
      "T5"
    ]
  },
  "levels": {
    "pulse_P0": {
      "family": "pulse",
      "level": "P0",
      "knob_name": "wave_speed_v",
      "knob_value": 0.0,
      "stats_all": {
        "n_sequences": 60,
        "total_events": 6278,
        "event_count": {
          "mean": 104.63333333333334,
          "std": 11.631805057207968,
          "min": 76,
          "median": 106.0,
          "p95": 125.05,
          "max": 131
        },
        "time_span": {
          "min": 0.0038071104690353165,
          "max": 49.988433161910564
        },
        "spatial_bounds": {
          "x_min": 6.693515352629298e-05,
          "x_max": 0.9999938115969246,
          "y_min": 0.00037808488215040903,
          "y_max": 0.9998764677514556
        }
      },
      "lambda_max": 15.400000000000002
    },
    "pulse_P1": {
      "family": "pulse",
      "level": "P1",
      "knob_name": "wave_speed_v",
      "knob_value": 0.15,
      "stats_all": {
        "n_sequences": 60,
        "total_events": 6239,
        "event_count": {
          "mean": 103.98333333333333,
          "std": 11.541940429966223,
          "min": 76,
          "median": 105.5,
          "p95": 124.05,
          "max": 131
        },
        "time_span": {
          "min": 0.0038071104690353165,
          "max": 49.988433161910564
        },
        "spatial_bounds": {
          "x_min": 6.693515352629298e-05,
          "x_max": 0.9999938115969246,
          "y_min": 0.00037808488215040903,
          "y_max": 0.9998764677514556
        }
      },
      "lambda_max": 15.400000000000002
    },
    "pulse_P2": {
      "family": "pulse",
      "level": "P2",
      "knob_name": "wave_speed_v",
      "knob_value": 0.3,
      "stats_all": {
        "n_sequences": 60,
        "total_events": 6224,
        "event_count": {
          "mean": 103.73333333333333,
          "std": 11.605841441082829,
          "min": 75,
          "median": 105.5,
          "p95": 124.0,
          "max": 129
        },
        "time_span": {
          "min": 0.0038071104690353165,
          "max": 49.988433161910564
        },
        "spatial_bounds": {
          "x_min": 6.693515352629298e-05,
          "x_max": 0.9999938115969246,
          "y_min": 0.00037808488215040903,
          "y_max": 0.9998764677514556
        }
      },
      "lambda_max": 15.400000000000002
    },
    "pulse_P3": {
      "family": "pulse",
      "level": "P3",
      "knob_name": "wave_speed_v",
      "knob_value": 0.6,
      "stats_all": {
        "n_sequences": 60,
        "total_events": 6191,
        "event_count": {
          "mean": 103.18333333333334,
          "std": 11.462244786932251,
          "min": 75,
          "median": 104.0,
          "p95": 123.05,
          "max": 127
        },
        "time_span": {
          "min": 0.0038071104690353165,
          "max": 49.988433161910564
        },
        "spatial_bounds": {
          "x_min": 6.693515352629298e-05,
          "x_max": 0.9999938115969246,
          "y_min": 0.00037808488215040903,
          "y_max": 0.9998764677514556
        }
      },
      "lambda_max": 15.400000000000002
    },
    "pulse_P4": {
      "family": "pulse",
      "level": "P4",
      "knob_name": "wave_speed_v",
      "knob_value": 0.9,
      "stats_all": {
        "n_sequences": 60,
        "total_events": 6165,
        "event_count": {
          "mean": 102.75,
          "std": 11.42894716644247,
          "min": 76,
          "median": 103.5,
          "p95": 122.0,
          "max": 127
        },
        "time_span": {
          "min": 0.0038071104690353165,
          "max": 49.988433161910564
        },
        "spatial_bounds": {
          "x_min": 6.693515352629298e-05,
          "x_max": 0.9999938115969246,
          "y_min": 0.00037808488215040903,
          "y_max": 0.9998764677514556
        }
      },
      "lambda_max": 15.400000000000002
    },
    "pulse_P5": {
      "family": "pulse",
      "level": "P5",
      "knob_name": "wave_speed_v",
      "knob_value": 1.2,
      "stats_all": {
        "n_sequences": 60,
        "total_events": 6145,
        "event_count": {
          "mean": 102.41666666666667,
          "std": 11.409486793405254,
          "min": 75,
          "median": 103.5,
          "p95": 122.0,
          "max": 127
        },
        "time_span": {
          "min": 0.0038071104690353165,
          "max": 49.988433161910564
        },
        "spatial_bounds": {
          "x_min": 6.693515352629298e-05,
          "x_max": 0.9999938115969246,
          "y_min": 0.00037808488215040903,
          "y_max": 0.9998764677514556
        }
      },
      "lambda_max": 15.400000000000002
    },
    "echo_E0": {
      "family": "echo",
      "level": "E0",
      "knob_name": "echo_ratio_rho",
      "knob_value": 1.0,
      "stats_all": {
        "n_sequences": 60,
        "total_events": 6134,
        "event_count": {
          "mean": 102.23333333333333,
          "std": 11.377414273707165,
          "min": 75,
          "median": 104.0,
          "p95": 121.1,
          "max": 127
        },
        "time_span": {
          "min": 0.0038071104690353165,
          "max": 49.988433161910564
        },
        "spatial_bounds": {
          "x_min": 6.693515352629298e-05,
          "x_max": 0.9999938115969246,
          "y_min": 0.00037808488215040903,
          "y_max": 0.9998764677514556
        }
      },
      "lambda_max": 15.400000000000002
    },
    "echo_E1": {
      "family": "echo",
      "level": "E1",
      "knob_name": "echo_ratio_rho",
      "knob_value": 3.0,
      "stats_all": {
        "n_sequences": 60,
        "total_events": 6165,
        "event_count": {
          "mean": 102.75,
          "std": 11.35873379093521,
          "min": 76,
          "median": 104.5,
          "p95": 123.05,
          "max": 127
        },
        "time_span": {
          "min": 0.0038071104690353165,
          "max": 49.988433161910564
        },
        "spatial_bounds": {
          "x_min": 6.693515352629298e-05,
          "x_max": 0.9999938115969246,
          "y_min": 0.00037808488215040903,
          "y_max": 0.9998764677514556
        }
      },
      "lambda_max": 15.400000000000002
    },
    "echo_E2": {
      "family": "echo",
      "level": "E2",
      "knob_name": "echo_ratio_rho",
      "knob_value": 10.0,
      "stats_all": {
        "n_sequences": 60,
        "total_events": 6285,
        "event_count": {
          "mean": 104.75,
          "std": 11.440607501352364,
          "min": 76,
          "median": 106.0,
          "p95": 126.0,
          "max": 128
        },
        "time_span": {
          "min": 0.0038071104690353165,
          "max": 49.988433161910564
        },
        "spatial_bounds": {
          "x_min": 6.693515352629298e-05,
          "x_max": 0.9999938115969246,
          "y_min": 0.00037808488215040903,
          "y_max": 0.9998764677514556
        }
      },
      "lambda_max": 15.400000000000002
    },
    "echo_E3": {
      "family": "echo",
      "level": "E3",
      "knob_name": "echo_ratio_rho",
      "knob_value": 30.0,
      "stats_all": {
        "n_sequences": 60,
        "total_events": 6600,
        "event_count": {
          "mean": 110.0,
          "std": 12.84523257866513,
          "min": 79,
          "median": 111.0,
          "p95": 134.0,
          "max": 141
        },
        "time_span": {
          "min": 0.0038071104690353165,