{
  "tag": "unified_stpp_hawkesnest_families_v1",
  "generated_at": "2026-04-09T21:52:52.766201",
  "horizon": 50.0,
  "theta_levels": [
    0.0,
    0.2,
    0.4,
    0.6,
    0.8,
    0.99
  ],
  "shared_settings": {
    "domain": {
      "type": "rectangle",
      "x_min": 0.0,
      "x_max": 1.0,
      "y_min": 0.0,
      "y_max": 1.0
    },
    "adjacency": [
      [
        0.6
      ]
    ],
    "lambda0": 4.0,
    "tau_max": 5.0
  },
  "split_sizes": {
    "train": 40,
    "val": 10,
    "test": 10
  },
  "families": {
    "moving": [
      "M0",
      "M1",
      "M2",
      "M3",
      "M4",
      "M5"
    ],
    "regime": [
      "R0",
      "R1",
      "R2",
      "R3",
      "R4",
      "R5"
    ],
    "ent_rt": [
      "E0",
      "E1",
      "E2",
      "E3",
      "E4",
      "E5"
    ]
  },
  "levels": {
    "moving_M0": {
      "family": "moving",
      "level": "M0",
      "theta": 0.0,
      "stats_all": {
        "n_sequences": 60,
        "total_events": 12539,
        "event_count": {
          "mean": 208.98333333333332,
          "std": 16.16115885558816,
          "min": 177,
          "median": 208.5,
          "p95": 235.05,
          "max": 248
        },
        "time_span": {
          "min": 0.003007725776571325,
          "max": 49.9992423134724
        },
        "spatial_bounds": {
          "x_min": 6.693515352629298e-05,
          "x_max": 0.9999938115969246,
          "y_min": 5.5261197005163076e-05,
          "y_max": 0.9998764677514556
        }
      },
      "lambda_max": 14.96
    },
    "moving_M1": {
      "family": "moving",
      "level": "M1",
      "theta": 0.2,
      "stats_all": {
        "n_sequences": 60,
        "total_events": 12411,
        "event_count": {
          "mean": 206.85,
          "std": 13.95567387600231,
          "min": 173,
          "median": 206.5,
          "p95": 229.14999999999998,
          "max": 252
        },
        "time_span": {
          "min": 0.0025388050945693466,
          "max": 49.98910673070017
        },
        "spatial_bounds": {
          "x_min": 1.075282831219937e-06,
          "x_max": 0.9999053640103516,
          "y_min": 3.1687272017633106e-05,
          "y_max": 0.9999490669845401
        }
      },
      "lambda_max": 63.165022912745314
    },
    "moving_M2": {
      "family": "moving",
      "level": "M2",
      "theta": 0.4,
      "stats_all": {
        "n_sequences": 60,
        "total_events": 12390,
        "event_count": {
          "mean": 206.5,
          "std": 12.578420674578613,
          "min": 169,
          "median": 207.0,
          "p95": 224.14999999999998,
          "max": 237
        },
        "time_span": {
          "min": 0.0026818066096153384,
          "max": 49.99548239824365
        },
        "spatial_bounds": {
          "x_min": 8.440248775276604e-05,
          "x_max": 0.9999053640103516,
          "y_min": 8.328641737642695e-05,
          "y_max": 0.9996078072496831
        }
      },
      "lambda_max": 111.37004582549062
    },
    "moving_M3": {
      "family": "moving",
      "level": "M3",
      "theta": 0.6,
      "stats_all": {
        "n_sequences": 60,
        "total_events": 12564,
        "event_count": {
          "mean": 209.4,
          "std": 13.285581156527053,
          "min": 173,
          "median": 210.0,
          "p95": 230.0,
          "max": 233
        },
        "time_span": {
          "min": 0.001871676618218486,
          "max": 49.998799540143146
        },
        "spatial_bounds": {
          "x_min": 8.679947090861617e-06,
          "x_max": 0.9999053640103516,
          "y_min": 8.328641737642695e-05,
          "y_max": 0.9996078072496831
        }
      },
      "lambda_max": 159.57506873823593
    },
    "moving_M4": {
      "family": "moving",
      "level": "M4",
      "theta": 0.8,
      "stats_all": {
        "n_sequences": 60,
        "total_events": 12540,
        "event_count": {
          "mean": 209.0,
          "std": 13.097073464455077,
          "min": 182,
          "median": 209.5,
          "p95": 228.14999999999998,
          "max": 240
        },
        "time_span": {
          "min": 0.0014374472676124328,
          "max": 49.997989897158185
        },
        "spatial_bounds": {
          "x_min": 0.0001351381496260684,
          "x_max": 0.9999980894248895,
          "y_min": 3.4707629590124967e-05,
          "y_max": 0.999942022235539
        }
      },
      "lambda_max": 207.78009165098126
    },
    "moving_M5": {
      "family": "moving",
      "level": "M5",
      "theta": 0.99,
      "stats_all": {
        "n_sequences": 60,
        "total_events": 12702,
        "event_count": {
          "mean": 211.7,
          "std": 14.651848575066106,
          "min": 180,
          "median": 210.5,
          "p95": 238.05,
          "max": 249
        },
        "time_span": {
          "min": 0.0011778491013737344,
          "max": 49.98946509771658
        },
        "spatial_bounds": {
          "x_min": 0.00017877966935442302,
          "x_max": 0.9999803447255442,
          "y_min": 8.328641737642695e-05,
          "y_max": 0.999942022235539
        }
      },
      "lambda_max": 253.57486341808928
    },
    "regime_R0": {
      "family": "regime",
      "level": "R0",
      "theta": 0.0,
      "stats_all": {
        "n_sequences": 60,
        "total_events": 12539,
        "event_count": {
          "mean": 208.98333333333332,
          "std": 16.16115885558816,
          "min": 177,
          "median": 208.5,
          "p95": 235.05,
          "max": 248
        },
        "time_span": {
          "min": 0.003007725776571325,
          "max": 49.9992423134724
        },
        "spatial_bounds": {
          "x_min": 6.693515352629298e-05,
          "x_max": 0.9999938115969246,
          "y_min": 5.5261197005163076e-05,
          "y_max": 0.9998764677514556
        }
      },
      "lambda_max": 14.96
    },
    "regime_R1": {
      "family": "regime",
      "level": "R1",
      "theta": 0.2,
      "stats_all": {
        "n_sequences": 60,
        "total_events": 12881,
        "event_count": {
          "mean": 214.68333333333334,
          "std": 16.50807041688667,
          "min": 177,
          "median": 214.5,
          "p95": 241.14999999999998,
          "max": 252
        },
        "time_span": {
          "min": 0.0026920430447517547,
          "max": 49.99643702031057
        },
        "spatial_bounds": {
          "x_min": 6.693515352629298e-05,
          "x_max": 0.9999938115969246,
          "y_min": 5.5261197005163076e-05,
          "y_max": 0.9998764677514556
        }
      },
      "lambda_max": 16.71428609034603
    },
    "regime_R2": {
      "family": "regime",
      "level": "R2",
      "theta": 0.4,
      "stats_all": {
        "n_sequences": 60,
        "total_events": 13180,
        "event_count": {
          "mean": 219.66666666666666,
          "std": 17.228529311064893,
          "min": 179,
          "median": 219.5,
          "p95": 244.49999999999997,
          "max": 261
        },
        "time_span": {
          "min": 0.0024363322284625543,
          "max": 49.999478592684696
        },
        "spatial_bounds": {
          "x_min": 4.650373734882418e-05,
          "x_max": 0.9999938115969246,
          "y_min": 0.000184516941323154,
          "y_max": 0.9998773521212337
        }
      },
      "lambda_max": 18.46857218069206
    },
    "regime_R3": {
      "family": "regime",
      "level": "R3",
      "theta": 0.6,
      "stats_all": {
        "n_sequences": 60,
        "total_events": 13437,
        "event_count": {
          "mean": 223.95,
          "std": 17.042520353515794,
          "min": 189,
          "median": 223.0,
          "p95": 249.05,
          "max": 262
        },
        "time_span": {
          "min": 0.002224986053625608,
          "max": 49.99895023272618
        },
        "spatial_bounds": {
          "x_min": 4.650373734882418e-05,
          "x_max": 0.9999938115969246,