{
  "family": "pulse",
  "level": "P4",
  "comment": "near-ballistic wave; all isotropic / factorized models fail",
  "horizon": 50.0,
  "n_sequences": 60,
  "split": {
    "train": {
      "n": 40,
      "seeds": [
        0,
        39
      ]
    },
    "val": {
      "n": 10,
      "seeds": [
        40,
        49
      ]
    },
    "test": {
      "n": 10,
      "seeds": [
        50,
        59
      ]
    }
  },
  "dgp": {
    "domain": {
      "type": "rectangle",
      "x_min": 0.0,
      "x_max": 1.0,
      "y_min": 0.0,
      "y_max": 1.0
    },
    "kernel": {
      "type": "traveling_wave",
      "v": 1.0,
      "theta_wave": 0.7853981633974483,
      "sigma": 0.08,
      "temporal_scale": 0.3
    },
    "background": {
      "type": "constant",
      "rate": 3.2
    },
    "adjacency": [
      [
        33.15727981081154
      ]
    ],
    "lambda_max_used": 268.4582384864923
  },
  "stats_all": {
    "n_sequences": 60,
    "mean": 215.55,
    "std": 21.45726372738767,
    "min": 173,
    "p25": 198.75,
    "p50": 213.0,
    "p75": 229.5,
    "p95": 254.05,
    "max": 262
  },
  "stats_train": {
    "n_sequences": 40,
    "mean": 212.575,
    "std": 20.099611314649845,
    "min": 173,
    "p25": 196.25,
    "p50": 211.0,
    "p75": 227.0,
    "p95": 247.14999999999998,
    "max": 254
  }
}