{
  "family": "echo",
  "level": "E2",
  "comment": "rho=10; clear fast-burst + slow-echo separation",
  "horizon": 50.0,
  "n_sequences": 60,
  "split": {
    "train": {
      "n": 40,
      "seeds": [
        0,
        39
      ]
    },
    "val": {
      "n": 10,
      "seeds": [
        40,
        49
      ]
    },
    "test": {
      "n": 10,
      "seeds": [
        50,
        59
      ]
    }
  },
  "dgp": {
    "domain": {
      "type": "rectangle",
      "x_min": 0.0,
      "x_max": 1.0,
      "y_min": 0.0,
      "y_max": 1.0
    },
    "kernel": {
      "type": "two_scale",
      "alpha_fast": 0.65,
      "beta_fast": 0.3,
      "beta_slow": 3.0,
      "sigma": 0.08
    },
    "background": {
      "type": "constant",
      "rate": 2.4
    },
    "adjacency": [
      [
        8.03536780704061
      ]
    ],
    "lambda_max_used": 66.68294245632488
  },
  "stats_all": {
    "n_sequences": 60,
    "mean": 179.03333333333333,
    "std": 20.932404437989334,
    "min": 139,
    "p25": 164.75,
    "p50": 177.0,
    "p75": 192.75,
    "p95": 212.59999999999997,
    "max": 232
  },
  "stats_train": {
    "n_sequences": 40,
    "mean": 179.6,
    "std": 18.146349495146403,
    "min": 139,
    "p25": 166.0,
    "p50": 177.0,
    "p75": 192.0,
    "p95": 208.2,
    "max": 224
  }
}