{
  "family": "ent_rt",
  "level": "E2",
  "theta": 0.4,
  "output_dir": "entrt_E2",
  "description": "Kernel entanglement family with constant background and ent_option='rt'.",
  "coordinates_normalized": false,
  "jsonl_schema": {
    "times": "float[]",
    "locations": "[x, y][]"
  },
  "shared_settings": {
    "horizon": 50.0,
    "domain": {
      "type": "rectangle",
      "x_min": 0.0,
      "x_max": 1.0,
      "y_min": 0.0,
      "y_max": 1.0
    },
    "adjacency": [
      [
        0.6
      ]
    ],
    "lambda0": 4.0,
    "tau_max": 5.0,
    "lambda_max": 11.163613787683571
  },
  "prototype": {
    "background": {
      "type": "constant",
      "rate": 4.0
    },
    "kernel": {
      "type": "entangled_exp_gaussian",
      "temporal_scale": 1.0,
      "spatial_scale": 0.1,
      "theta_ent": 0.4,
      "r_max": 1,
      "tau_max": 5.0,
      "n_r": 64,
      "n_tau": 64,
      "ent_option": "rt"
    }
  },
  "split": {
    "train": {
      "n": 40,
      "seeds": [
        0,
        1,
        2,
        3,
        4,
        5,
        6,
        7,
        8,
        9,
        10,
        11,
        12,
        13,
        14,
        15,
        16,
        17,
        18,
        19,
        20,
        21,
        22,
        23,
        24,
        25,
        26,
        27,
        28,
        29,
        30,
        31,
        32,
        33,
        34,
        35,
        36,
        37,
        38,
        39
      ]
    },
    "val": {
      "n": 10,
      "seeds": [
        40,
        41,
        42,
        43,
        44,
        45,
        46,
        47,
        48,
        49
      ]
    },
    "test": {
      "n": 10,
      "seeds": [
        50,
        51,
        52,
        53,
        54,
        55,
        56,
        57,
        58,
        59
      ]
    }
  },
  "stats_all": {
    "n_sequences": 60,
    "total_events": 12578,
    "event_count": {
      "mean": 209.63333333333333,
      "std": 14.531536586182327,
      "min": 167,
      "median": 209.5,
      "p95": 231.25,
      "max": 259
    },
    "time_span": {
      "min": 0.004030556634550462,
      "max": 49.99924690937714
    },
    "spatial_bounds": {
      "x_min": 6.693515352629298e-05,
      "x_max": 0.9999938115969246,
      "y_min": 5.5261197005163076e-05,
      "y_max": 0.9999580864780446
    }
  },
  "stats_train": {
    "n_sequences": 40,
    "total_events": 8283,
    "event_count": {
      "mean": 207.075,
      "std": 13.871531097899755,
      "min": 167,
      "median": 208.0,
      "p95": 223.64999999999998,
      "max": 240
    },
    "time_span": {
      "min": 0.004030556634550462,
      "max": 49.99924690937714
    },
    "spatial_bounds": {
      "x_min": 9.60405599956804e-05,
      "x_max": 0.9999938115969246,
      "y_min": 5.5261197005163076e-05,
      "y_max": 0.9999580864780446
    }
  },
  "stats_val": {
    "n_sequences": 10,
    "total_events": 2132,
    "event_count": {
      "mean": 213.2,
      "std": 16.551737068960467,
      "min": 198,
      "median": 208.0,
      "p95": 241.44999999999996,
      "max": 259
    },
    "time_span": {
      "min": 0.02675414347793717,
      "max": 49.98504003742152
    },
    "spatial_bounds": {
      "x_min": 6.693515352629298e-05,
      "x_max": 0.9997144395939054,
      "y_min": 0.00043265054608254694,
      "y_max": 0.9974302913272194
    }
  },
  "stats_test": {
    "n_sequences": 10,
    "total_events": 2163,
    "event_count": {
      "mean": 216.3,
      "std": 11.832582135780845,
      "min": 194,
      "median": 219.5,
      "p95": 230.1,
      "max": 231
    },
    "time_span": {
      "min": 0.005310265471276886,
      "max": 49.99670739350738
    },
    "spatial_bounds": {
      "x_min": 0.00021142814557761902,
      "x_max": 0.9999930356461354,
      "y_min": 0.0005208345952240068,
      "y_max": 0.9998764677514556
    }
  }
}