{
  "family": "pulse",
  "level": "P5",
  "comment": "hardest pulse: fast wave + 3-regime switching background (K=2, R=5)",
  "horizon": 50.0,
  "n_sequences": 60,
  "split": {
    "train": {
      "n": 40,
      "seeds": [
        0,
        39
      ]
    },
    "val": {
      "n": 10,
      "seeds": [
        40,
        49
      ]
    },
    "test": {
      "n": 10,
      "seeds": [
        50,
        59
      ]
    }
  },
  "dgp": {
    "domain": {
      "type": "rectangle",
      "x_min": 0.0,
      "x_max": 1.0,
      "y_min": 0.0,
      "y_max": 1.0
    },
    "kernel": {
      "type": "traveling_wave",
      "v": 1.0,
      "theta_wave": 0.7853981633974483,
      "sigma": 0.08,
      "temporal_scale": 0.3
    },
    "background": {
      "type": "regime_switching",
      "lambda0": 2.2,
      "regimes": [
        {
          "t_start": 0.0,
          "t_end": 16.666666666666668,
          "components": [
            {
              "cx": 0.2,
              "cy": 0.2,
              "sigma": 0.12,
              "amplitude": 8.8
            }
          ]
        },
        {
          "t_start": 16.666666666666668,
          "t_end": 33.333333333333336,
          "components": [
            {
              "cx": 0.8,
              "cy": 0.2,
              "sigma": 0.12,
              "amplitude": 8.8
            }
          ]
        },
        {
          "t_start": 33.333333333333336,
          "t_end": 50.0,
          "components": [
            {
              "cx": 0.5,
              "cy": 0.8,
              "sigma": 0.12,
              "amplitude": 8.8
            }
          ]
        }
      ]
    },
    "adjacency": [
      [
        33.15727981081154
      ]
    ],
    "lambda_max_used": 276.2582384864923
  },
  "stats_all": {
    "n_sequences": 60,
    "mean": 195.76666666666668,
    "std": 21.09373261316156,
    "min": 145,
    "p25": 181.0,
    "p50": 192.0,
    "p75": 210.25,
    "p95": 237.25,
    "max": 246
  },
  "stats_train": {
    "n_sequences": 40,
    "mean": 190.75,
    "std": 18.403464347779742,
    "min": 145,
    "p25": 177.5,
    "p50": 190.0,
    "p75": 202.25,
    "p95": 221.05,
    "max": 237
  }
}