{
  "suite": "suite3_entanglement",
  "theta": "wave_speed_v",
  "levels": [
    {
      "label": "L0",
      "v": 0.0,
      "adj": 9.43140457999812,
      "n_seeds": 5,
      "stats": {
        "n": 5,
        "mean": 8000.0,
        "std": 0.0,
        "min": 8000,
        "p50": 8000.0,
        "p95": 8000.0,
        "max": 8000
      }
    },
    {
      "label": "L1",
      "v": 0.05,
      "adj": 9.43140457999812,
      "n_seeds": 5,
      "stats": {
        "n": 5,
        "mean": 8000.0,
        "std": 0.0,
        "min": 8000,
        "p50": 8000.0,
        "p95": 8000.0,
        "max": 8000
      }
    },
    {
      "label": "L2",
      "v": 0.15,
      "adj": 9.43140457999812,
      "n_seeds": 5,
      "stats": {
        "n": 5,
        "mean": 8000.0,
        "std": 0.0,
        "min": 8000,
        "p50": 8000.0,
        "p95": 8000.0,
        "max": 8000
      }
    },
    {
      "label": "L3",
      "v": 0.3,
      "adj": 9.43140457999812,
      "n_seeds": 5,
      "stats": {
        "n": 5,
        "mean": 8000.0,
        "std": 0.0,
        "min": 8000,
        "p50": 8000.0,
        "p95": 8000.0,
        "max": 8000
      }
    }
  ]
}