{
  "family": "pulse",
  "level": "P0",
  "comment": "separable baseline; all models should fit well",
  "horizon": 50.0,
  "n_sequences": 60,
  "split": {
    "train": {
      "n": 40,
      "seeds": [
        0,
        39
      ]
    },
    "val": {
      "n": 10,
      "seeds": [
        40,
        49
      ]
    },
    "test": {
      "n": 10,
      "seeds": [
        50,
        59
      ]
    }
  },
  "dgp": {
    "domain": {
      "type": "rectangle",
      "x_min": 0.0,
      "x_max": 1.0,
      "y_min": 0.0,
      "y_max": 1.0
    },
    "kernel": {
      "type": "separable",
      "temporal_decay": 0.3,
      "spatial_sigma": 0.08
    },
    "background": {
      "type": "constant",
      "rate": 2.4
    },
    "adjacency": [
      [
        33.15727981081154
      ]
    ],
    "lambda_max_used": 267.6582384864923
  },
  "stats_all": {
    "n_sequences": 60,
    "mean": 188.31666666666666,
    "std": 23.163542954872472,
    "min": 138,
    "p25": 170.75,
    "p50": 186.0,
    "p75": 200.5,
    "p95": 234.29999999999998,
    "max": 250
  },
  "stats_train": {
    "n_sequences": 40,
    "mean": 184.625,
    "std": 21.576245618735435,
    "min": 138,
    "p25": 170.0,
    "p50": 183.0,
    "p75": 195.5,
    "p95": 217.84999999999997,
    "max": 250
  }
}