{
  "suite": "suite5_topology",
  "theta": "domain_complexity",
  "kernel": {
    "type": "separable",
    "temporal_decay": 0.3,
    "spatial_sigma": 0.08
  },
  "levels": [
    {
      "label": "T0",
      "domain_type": "rectangle",
      "valid_fraction": 1.0,
      "adj": 33.15728172655589,
      "n_seeds": 5,
      "stats": {
        "n": 5,
        "mean": 8000.0,
        "std": 0.0,
        "min": 8000,
        "p50": 8000.0,
        "p95": 8000.0,
        "max": 8000
      }
    },
    {
      "label": "T1",
      "domain_type": "barrier",
      "valid_fraction": 0.8999999761581421,
      "adj": 33.15728172655589,
      "n_seeds": 5,
      "stats": {
        "n": 5,
        "mean": 8000.0,
        "std": 0.0,
        "min": 8000,
        "p50": 8000.0,
        "p95": 8000.0,
        "max": 8000
      }
    },
    {
      "label": "T2",
      "domain_type": "barrier",
      "valid_fraction": 0.675000011920929,
      "adj": 33.15728172655589,
      "n_seeds": 5,
      "stats": {
        "n": 5,
        "mean": 8000.0,
        "std": 0.0,
        "min": 8000,
        "p50": 8000.0,
        "p95": 8000.0,
        "max": 8000
      }
    }
  ]
}