{
  "family": "ent_rt",
  "level": "E5",
  "theta": 0.99,
  "output_dir": "entrt_E5",
  "description": "Kernel entanglement family with constant background and ent_option='rt'.",
  "coordinates_normalized": false,
  "jsonl_schema": {
    "times": "float[]",
    "locations": "[x, y][]"
  },
  "shared_settings": {
    "horizon": 50.0,
    "domain": {
      "type": "rectangle",
      "x_min": 0.0,
      "x_max": 1.0,
      "y_min": 0.0,
      "y_max": 1.0
    },
    "adjacency": [
      [
        0.6
      ]
    ],
    "lambda0": 4.0,
    "tau_max": 5.0,
    "lambda_max": 7.905809007937534
  },
  "prototype": {
    "background": {
      "type": "constant",
      "rate": 4.0
    },
    "kernel": {
      "type": "entangled_exp_gaussian",
      "temporal_scale": 1.0,
      "spatial_scale": 0.1,
      "theta_ent": 0.99,
      "r_max": 1,
      "tau_max": 5.0,
      "n_r": 64,
      "n_tau": 64,
      "ent_option": "rt"
    }
  },
  "split": {
    "train": {
      "n": 40,
      "seeds": [
        0,
        1,
        2,
        3,
        4,
        5,
        6,
        7,
        8,
        9,
        10,
        11,
        12,
        13,
        14,
        15,
        16,
        17,
        18,
        19,
        20,
        21,
        22,
        23,
        24,
        25,
        26,
        27,
        28,
        29,
        30,
        31,
        32,
        33,
        34,
        35,
        36,
        37,
        38,
        39
      ]
    },
    "val": {
      "n": 10,
      "seeds": [
        40,
        41,
        42,
        43,
        44,
        45,
        46,
        47,
        48,
        49
      ]
    },
    "test": {
      "n": 10,
      "seeds": [
        50,
        51,
        52,
        53,
        54,
        55,
        56,
        57,
        58,
        59
      ]
    }
  },
  "stats_all": {
    "n_sequences": 60,
    "total_events": 12543,
    "event_count": {
      "mean": 209.05,
      "std": 16.519105100862255,
      "min": 170,
      "median": 209.5,
      "p95": 232.0,
      "max": 262
    },
    "time_span": {
      "min": 0.0056914577081650835,
      "max": 49.99169248756634
    },
    "spatial_bounds": {
      "x_min": 6.693515352629298e-05,
      "x_max": 0.9999930356461354,
      "y_min": 5.257378941270208e-05,
      "y_max": 0.9999580864780446
    }
  },
  "stats_train": {
    "n_sequences": 40,
    "total_events": 8281,
    "event_count": {
      "mean": 207.025,
      "std": 16.08491140790026,
      "min": 170,
      "median": 207.0,
      "p95": 231.05,
      "max": 248
    },
    "time_span": {
      "min": 0.0056914577081650835,
      "max": 49.98642485491976
    },
    "spatial_bounds": {
      "x_min": 9.60405599956804e-05,
      "x_max": 0.999832967885588,
      "y_min": 0.000665586226142989,
      "y_max": 0.9999580864780446
    }
  },
  "stats_val": {
    "n_sequences": 10,
    "total_events": 2149,
    "event_count": {
      "mean": 214.9,
      "std": 17.472549899771355,
      "min": 195,
      "median": 213.5,
      "p95": 243.09999999999997,
      "max": 262
    },
    "time_span": {
      "min": 0.03777891986868041,
      "max": 49.99169248756634
    },
    "spatial_bounds": {
      "x_min": 6.693515352629298e-05,
      "x_max": 0.9998191731745515,
      "y_min": 5.257378941270208e-05,
      "y_max": 0.9999282631809397
    }
  },
  "stats_test": {
    "n_sequences": 10,
    "total_events": 2113,
    "event_count": {
      "mean": 211.3,
      "std": 15.537374295549425,
      "min": 179,
      "median": 218.5,
      "p95": 227.95,
      "max": 232
    },
    "time_span": {
      "min": 0.007498505563679442,
      "max": 49.985769182085
    },
    "spatial_bounds": {
      "x_min": 0.000350279711985535,
      "x_max": 0.9999930356461354,
      "y_min": 0.0010730125536634327,
      "y_max": 0.9998764677514556
    }
  }
}