{
  "family": "bg",
  "level": "BG2",
  "comment": "2 switches, 5:1 contrast; 3 distinct spatial regimes",
  "horizon": 50.0,
  "n_sequences": 60,
  "split": {
    "train": {
      "n": 40,
      "seeds": [
        0,
        39
      ]
    },
    "val": {
      "n": 10,
      "seeds": [
        40,
        49
      ]
    },
    "test": {
      "n": 10,
      "seeds": [
        50,
        59
      ]
    }
  },
  "dgp": {
    "domain": {
      "type": "rectangle",
      "x_min": 0.0,
      "x_max": 1.0,
      "y_min": 0.0,
      "y_max": 1.0
    },
    "kernel": {
      "type": "separable",
      "temporal_decay": 0.3,
      "spatial_sigma": 0.08
    },
    "background": {
      "type": "regime_switching",
      "lambda0": 1.8,
      "regimes": [
        {
          "t_start": 0.0,
          "t_end": 16.666666666666668,
          "components": [
            {
              "cx": 0.2,
              "cy": 0.2,
              "sigma": 0.12,
              "amplitude": 7.2
            }
          ]
        },
        {
          "t_start": 16.666666666666668,
          "t_end": 33.333333333333336,
          "components": [
            {
              "cx": 0.8,
              "cy": 0.2,
              "sigma": 0.12,
              "amplitude": 7.2
            }
          ]
        },
        {
          "t_start": 33.333333333333336,
          "t_end": 50.0,
          "components": [
            {
              "cx": 0.5,
              "cy": 0.8,
              "sigma": 0.12,
              "amplitude": 7.2
            }
          ]
        }
      ]
    },
    "adjacency": [
      [
        33.15727981081154
      ]
    ],
    "lambda_max_used": 274.2582384864923
  },
  "stats_all": {
    "n_sequences": 60,
    "mean": 186.63333333333333,
    "std": 22.20808161208187,
    "min": 141,
    "p25": 170.0,
    "p50": 184.0,
    "p75": 203.0,
    "p95": 225.2,
    "max": 245
  },
  "stats_train": {
    "n_sequences": 40,
    "mean": 180.775,
    "std": 18.181704403053086,
    "min": 141,
    "p25": 165.75,
    "p50": 178.0,
    "p75": 193.75,
    "p95": 210.34999999999997,
    "max": 217
  }
}