{
  "run_tag": "unified_stpp_hawkesnest_v20260409",
  "generated_at": "2026-04-09T16:11:30.401538",
  "horizon": 50.0,
  "n_sequences_per_level": 60,
  "splits": {
    "train": 40,
    "val": 10,
    "test": 10
  },
  "families": {
    "pulse": [
      "P0",
      "P1",
      "P2",
      "P3",
      "P4",
      "P5"
    ],
    "echo": [
      "E0",
      "E1",
      "E2",
      "E3",
      "E4",
      "E5"
    ],
    "bg": [
      "BG0",
      "BG1",
      "BG2",
      "BG3",
      "BG4",
      "BG5"
    ]
  },
  "levels": {
    "pulse/P0": {
      "n_sequences": 60,
      "mean": 188.31666666666666,
      "std": 23.163542954872472,
      "min": 138,
      "p25": 170.75,
      "p50": 186.0,
      "p75": 200.5,
      "p95": 234.29999999999998,
      "max": 250
    },
    "pulse/P1": {
      "n_sequences": 60,
      "mean": 186.81666666666666,
      "std": 23.039452877377293,
      "min": 135,
      "p25": 169.5,
      "p50": 184.5,
      "p75": 200.25,
      "p95": 227.34999999999997,
      "max": 244
    },
    "pulse/P2": {
      "n_sequences": 60,
      "mean": 179.35,
      "std": 21.0133489318893,
      "min": 129,
      "p25": 166.5,
      "p50": 177.5,
      "p75": 192.0,
      "p95": 215.0,
      "max": 232
    },
    "pulse/P3": {
      "n_sequences": 60,
      "mean": 197.98333333333332,
      "std": 21.88035013938813,
      "min": 154,
      "p25": 184.5,
      "p50": 199.0,
      "p75": 211.5,
      "p95": 236.2,
      "max": 250
    },
    "pulse/P4": {
      "n_sequences": 60,
      "mean": 215.55,
      "std": 21.45726372738767,
      "min": 173,
      "p25": 198.75,
      "p50": 213.0,
      "p75": 229.5,
      "p95": 254.05,
      "max": 262
    },
    "pulse/P5": {
      "n_sequences": 60,
      "mean": 195.76666666666668,
      "std": 21.09373261316156,
      "min": 145,
      "p25": 181.0,
      "p50": 192.0,
      "p75": 210.25,
      "p95": 237.25,
      "max": 246
    },
    "echo/E0": {
      "n_sequences": 60,
      "mean": 188.31666666666666,
      "std": 23.163542954872472,
      "min": 138,
      "p25": 170.75,
      "p50": 186.0,
      "p75": 200.5,
      "p95": 234.29999999999998,
      "max": 250
    },
    "echo/E1": {
      "n_sequences": 60,
      "mean": 186.2,
      "std": 23.161606161922364,
      "min": 140,
      "p25": 166.75,
      "p50": 183.0,
      "p75": 205.25,
      "p95": 223.05,
      "max": 234
    },
    "echo/E2": {
      "n_sequences": 60,
      "mean": 179.03333333333333,
      "std": 20.932404437989334,
      "min": 139,
      "p25": 164.75,
      "p50": 177.0,
      "p75": 192.75,
      "p95": 212.59999999999997,
      "max": 232
    },
    "echo/E3": {
      "n_sequences": 60,
      "mean": 171.98333333333332,
      "std": 21.04161881182677,
      "min": 134,
      "p25": 157.0,
      "p50": 172.5,
      "p75": 183.75,
      "p95": 207.25,
      "max": 228
    },
    "echo/E4": {
      "n_sequences": 60,
      "mean": 157.88333333333333,
      "std": 15.965683685816764,
      "min": 124,
      "p25": 148.0,
      "p50": 158.0,
      "p75": 166.0,
      "p95": 183.14999999999998,
      "max": 197
    },
    "echo/E5": {
      "n_sequences": 60,
      "mean": 170.75,
      "std": 21.164140269175437,
      "min": 120,
      "p25": 153.0,
      "p50": 166.5,
      "p75": 186.25,
      "p95": 206.34999999999997,
      "max": 231
    },
    "bg/BG0": {
      "n_sequences": 60,
      "mean": 188.31666666666666,
      "std": 23.163542954872472,
      "min": 138,
      "p25": 170.75,
      "p50": 186.0,
      "p75": 200.5,
      "p95": 234.29999999999998,
      "max": 250
    },
    "bg/BG1": {
      "n_sequences": 60,
      "mean": 200.23333333333332,
      "std": 21.44245529058855,
      "min": 155,
      "p25": 187.0,
      "p50": 195.5,
      "p75": 216.0,
      "p95": 231.54999999999995,
      "max": 258
    },
    "bg/BG2": {
      "n_sequences": 60,
      "mean": 186.63333333333333,
      "std": 22.20808161208187,
      "min": 141,
      "p25": 170.0,
      "p50": 184.0,
      "p75": 203.0,
      "p95": 225.2,
      "max": 245
    },
    "bg/BG3": {
      "n_sequences": 60,
      "mean": 187.78333333333333,
      "std": 22.02732520202023,
      "min": 150,
      "p25": 170.0,
      "p50": 184.0,
      "p75": 205.0,
      "p95": 226.0,
      "max": 236
    },
    "bg/BG4": {
      "n_sequences": 60,
      "mean": 199.73333333333332,
      "std": 22.493604029195104,
      "min": 143,
      "p25": 186.75,
      "p50": 195.0,
      "p75": 214.25,
      "p95": 240.14999999999998,
      "max": 250
    },
    "bg/BG5": {
      "n_sequences": 60,
      "mean": 169.1,
      "std": 18.28177598958409,
      "min": 116,
      "p25": 156.0,
      "p50": 168.0,
      "p75": 180.0,
      "p95": 199.29999999999998,
      "max": 210
    }
  }
}