{
  "family": "ent_rt",
  "level": "E3",
  "theta": 0.6,
  "output_dir": "entrt_E3",
  "description": "Kernel entanglement family with constant background and ent_option='rt'.",
  "coordinates_normalized": false,
  "jsonl_schema": {
    "times": "float[]",
    "locations": "[x, y][]"
  },
  "shared_settings": {
    "horizon": 50.0,
    "domain": {
      "type": "rectangle",
      "x_min": 0.0,
      "x_max": 1.0,
      "y_min": 0.0,
      "y_max": 1.0
    },
    "adjacency": [
      [
        0.6
      ]
    ],
    "lambda0": 4.0,
    "tau_max": 5.0,
    "lambda_max": 9.812977751722766
  },
  "prototype": {
    "background": {
      "type": "constant",
      "rate": 4.0
    },
    "kernel": {
      "type": "entangled_exp_gaussian",
      "temporal_scale": 1.0,
      "spatial_scale": 0.1,
      "theta_ent": 0.6,
      "r_max": 1,
      "tau_max": 5.0,
      "n_r": 64,
      "n_tau": 64,
      "ent_option": "rt"
    }
  },
  "split": {
    "train": {
      "n": 40,
      "seeds": [
        0,
        1,
        2,
        3,
        4,
        5,
        6,
        7,
        8,
        9,
        10,
        11,
        12,
        13,
        14,
        15,
        16,
        17,
        18,
        19,
        20,
        21,
        22,
        23,
        24,
        25,
        26,
        27,
        28,
        29,
        30,
        31,
        32,
        33,
        34,
        35,
        36,
        37,
        38,
        39
      ]
    },
    "val": {
      "n": 10,
      "seeds": [
        40,
        41,
        42,
        43,
        44,
        45,
        46,
        47,
        48,
        49
      ]
    },
    "test": {
      "n": 10,
      "seeds": [
        50,
        51,
        52,
        53,
        54,
        55,
        56,
        57,
        58,
        59
      ]
    }
  },
  "stats_all": {
    "n_sequences": 60,
    "total_events": 12584,
    "event_count": {
      "mean": 209.73333333333332,
      "std": 15.06747785426907,
      "min": 177,
      "median": 211.0,
      "p95": 228.1,
      "max": 259
    },
    "time_span": {
      "min": 0.004585313322412007,
      "max": 49.99918444527047
    },
    "spatial_bounds": {
      "x_min": 6.693515352629298e-05,
      "x_max": 0.9999938115969246,
      "y_min": 5.257378941270208e-05,
      "y_max": 0.9999580864780446
    }
  },
  "stats_train": {
    "n_sequences": 40,
    "total_events": 8348,
    "event_count": {
      "mean": 208.7,
      "std": 15.151237573214935,
      "min": 177,
      "median": 209.0,
      "p95": 228.1,
      "max": 253
    },
    "time_span": {
      "min": 0.004585313322412007,
      "max": 49.99918444527047
    },
    "spatial_bounds": {
      "x_min": 9.60405599956804e-05,
      "x_max": 0.9999938115969246,
      "y_min": 0.0007076260837225457,
      "y_max": 0.9999580864780446
    }
  },
  "stats_val": {
    "n_sequences": 10,
    "total_events": 2120,
    "event_count": {
      "mean": 212.0,
      "std": 17.59545395833822,
      "min": 190,
      "median": 208.0,
      "p95": 240.99999999999994,
      "max": 259
    },
    "time_span": {
      "min": 0.03043652320066953,
      "max": 49.842161408526394
    },
    "spatial_bounds": {
      "x_min": 6.693515352629298e-05,
      "x_max": 0.9997144395939054,
      "y_min": 5.257378941270208e-05,
      "y_max": 0.9999282631809397
    }
  },
  "stats_test": {
    "n_sequences": 10,
    "total_events": 2116,
    "event_count": {
      "mean": 211.6,
      "std": 11.01998185116473,
      "min": 188,
      "median": 214.5,
      "p95": 223.5,
      "max": 228
    },
    "time_span": {
      "min": 0.006041158385485908,
      "max": 49.99337969017137
    },
    "spatial_bounds": {
      "x_min": 0.000350279711985535,
      "x_max": 0.9999930356461354,
      "y_min": 0.0005208345952240068,
      "y_max": 0.9998764677514556
    }
  }
}